{"\ufeffCode":{"0":"F3020455","1":"F3020478","2":"F3020336","3":"F3020318","4":"F3020283","5":"F3020426","6":"F3020387","7":"F3020412","8":"F3020515","9":"F3020308","10":"F3020184","11":"F3020597","12":"F3020668","13":"F3020691","14":"F3020680","15":"F3020605","16":"F3020173","17":"F3020198","18":"F3020236","19":"F3020158"},"Name of School":{"0":"NGOZI GIRLS SEC SCH","1":"LUNGA LUNGA MIXED DAY SEC","2":"RAMISI MIXED SEC","3":"KINGWEDE SEC SCH","4":"MSAMBWENI SEC SCH","5":"KIKONENI SEC","6":"FRANZ JOSEF SEC SCH","7":"MWANANYAMALA SEC","8":"MWERENI MIXED DAY SEC SCH","9":"MAVUMONI SEC SCH","10":"KINONDO MIXED DAY SEC","11":"MANGAWANI SEC SCH","12":"SHIMBA HILLS SEC","13":"LUKORE SEC SCH","14":"KICHAKA SIMBA GIRLS SEC","15":"MKONGANI SEC","16":"LULU HIGH","17":"DIANI MIXED DAY SEC SCH","18":"REDEEMED ACA SEC","19":"ST JESSICCA HIGH"},"School Address":{"0":"149 LUNGA LUNGA","1":"9,LUNGA LUNGA","2":"159 MSAMBWENI","3":"1334 UKUNDA","4":"14 MSAMBWENI","5":"389,UKUNDA","6":"788, UKUNDA","7":"8,UKUNDA","8":"177, LUNGA LUNGA","9":"85 SHIMBA HILLS","10":"1596, UKUNDA","11":"-","12":"27,SHIMBA HILLS","13":"96403 MOMBASA","14":"6719","15":"291,KWALE","16":"5121,DIANI","17":"237 UKUNDA","18":"806,UKUNDA","19":"5169,DIANI BEACH"},"Public or Private":{"0":"PUBLIC","1":"PUBLIC","2":"PUBLIC","3":"PUBLIC","4":"PUBLIC","5":"PUBLIC","6":"PUBLIC","7":"PUBLIC","8":"PUBLIC","9":"PUBLIC","10":"PUBLIC","11":"PUBLIC","12":"PUBLIC","13":"PUBLIC","14":"PUBLIC","15":"PUBLIC","16":"PRIVATE","17":"PUBLIC","18":"PRIVATE","19":"PRIVATE"},"School Sponsor":{"0":"CENTRAL GOVERNMENT\/DEB","1":"CENTRAL GOVERNMENT\/DEB","2":"CENTRAL GOVERNMENT\/DEB","3":"CENTRAL GOVERNMENT\/DEB","4":"CENTRAL GOVERNMENT\/DEB","5":"CENTRAL GOVERNMENT\/DEB","6":"CENTRAL GOVERNMENT\/DEB","7":"CENTRAL GOVERNMENT\/DEB","8":"CENTRAL GOVERNMENT\/DEB","9":"CENTRAL GOVERNMENT\/DEB","10":"CENTRAL GOVERNMENT\/DEB","11":"CENTRAL GOVERNMENT\/DEB","12":"CENTRAL GOVERNMENT\/DEB","13":"CENTRAL GOVERNMENT\/DEB","14":"CENTRAL GOVERNMENT\/DEB","15":"CENTRAL GOVERNMENT\/DEB","16":"PRIVATE INDIVIDUAL","17":"CENTRAL GOVERNMENT\/DEB","18":"RELIGIOUS ORGANIZATION","19":"PRIVATE INDIVIDUAL"},"Girls\/Boys\/Mixed":{"0":"GIRLS ONLY","1":"MIXED","2":"MIXED","3":"MIXED","4":"MIXED","5":"MIXED","6":"MIXED","7":"MIXED","8":"MIXED","9":"MIXED","10":"MIXED","11":"MIXED","12":"MIXED","13":"MIXED","14":"GIRLS ONLY","15":"MIXED","16":"MIXED","17":"MIXED","18":"MIXED","19":"MIXED"},"Day or Boarding":{"0":"BOARDING ONLY","1":"DAY ONLY","2":"DAY & BOARDING","3":"BOARDING ONLY","4":"DAY & BOARDING","5":"DAY & BOARDING","6":"DAY & BOARDING","7":"DAY ONLY","8":"DAY ONLY","9":"DAY ONLY","10":"DAY ONLY","11":"DAY ONLY","12":"BOARDING ONLY","13":"BOARDING ONLY","14":"BOARDING ONLY","15":"DAY ONLY","16":"BOARDING ONLY","17":"DAY ONLY","18":"DAY ONLY","19":"BOARDING ONLY"},"Ordinary or Special":{"0":"ORDINARY","1":"ORDINARY","2":"ORDINARY","3":"ORDINARY","4":"ORDINARY","5":"ORDINARY","6":"ORDINARY","7":"ORDINARY","8":"ORDINARY","9":"ORDINARY","10":"ORDINARY","11":"ORDINARY","12":"ORDINARY","13":"ORDINARY","14":"ORDINARY","15":"ORDINARY","16":"INTEGRATED","17":"ORDINARY","18":"ORDINARY","19":"ORDINARY"},"Total Enrolment 2007":{"0":58,"1":331,"2":385,"3":126,"4":553,"5":234,"6":668,"7":138,"8":154,"9":346,"10":156,"11":0,"12":640,"13":285,"14":294,"15":224,"16":144,"17":314,"18":218,"19":56},"Pupil Teacher Ratio":{"0":0.0,"1":0.0,"2":0.0,"3":21.0,"4":24.0,"5":0.0,"6":0.0,"7":0.0,"8":22.0,"9":0.0,"10":0.0,"11":0.0,"12":0.0,"13":0.0,"14":0.0,"15":0.0,"16":0.0,"17":0.0,"18":0.0,"19":8.0},"Total Teaching staff":{"0":3,"1":13,"2":15,"3":6,"4":23,"5":11,"6":22,"7":10,"8":7,"9":13,"10":9,"11":5,"12":22,"13":16,"14":12,"15":10,"16":13,"17":14,"18":12,"19":7},"Acreage per enrolment":{"0":7.2,"1":33.1,"2":12.8,"3":21.0,"4":55.3,"5":9.4,"6":51.4,"7":46.0,"8":6.2,"9":5.8,"10":19.5,"11":0.0,"12":23.7,"13":23.8,"14":10.1,"15":7.5,"16":48.0,"17":62.8,"18":62.3,"19":37.3},"TSC Male Teachers":{"0":0,"1":7,"2":10,"3":0,"4":16,"5":5,"6":3,"7":7,"8":1,"9":9,"10":6,"11":1,"12":14,"13":11,"14":6,"15":5,"16":0,"17":10,"18":0,"19":0},"TSC Female Teachers":{"0":1,"1":4,"2":2,"3":1,"4":6,"5":3,"6":4,"7":1,"8":0,"9":1,"10":2,"11":0,"12":5,"13":3,"14":3,"15":3,"16":0,"17":3,"18":0,"19":0},"Local Authority Male Teachers":{"0":1,"1":0,"2":0,"3":0,"4":0,"5":0,"6":0,"7":0,"8":0,"9":0,"10":0,"11":0,"12":0,"13":0,"14":0,"15":0,"16":0,"17":0,"18":0,"19":0},"Local Authority Female Teachers":{"0":1,"1":0,"2":0,"3":0,"4":0,"5":0,"6":0,"7":0,"8":0,"9":0,"10":0,"11":0,"12":0,"13":0,"14":0,"15":0,"16":0,"17":0,"18":0,"19":0},"PTA Board of Governors Male Teacher":{"0":0,"1":1,"2":3,"3":4,"4":1,"5":3,"6":11,"7":2,"8":5,"9":3,"10":1,"11":4,"12":2,"13":1,"14":3,"15":2,"16":0,"17":1,"18":0,"19":0},"PTA Board of Governors Female Teacher":{"0":0,"1":1,"2":0,"3":1,"4":0,"5":0,"6":4,"7":0,"8":1,"9":0,"10":0,"11":0,"12":1,"13":1,"14":0,"15":0,"16":0,"17":0,"18":0,"19":0},"Other Male Teachers":{"0":0,"1":0,"2":0,"3":0,"4":0,"5":0,"6":0,"7":0,"8":0,"9":0,"10":0,"11":0,"12":0,"13":0,"14":0,"15":0,"16":8,"17":0,"18":8,"19":5},"Other Female Teachers":{"0":0,"1":0,"2":0,"3":0,"4":0,"5":0,"6":0,"7":0,"8":0,"9":0,"10":0,"11":0,"12":0,"13":0,"14":0,"15":0,"16":5,"17":0,"18":4,"19":2},"Non Teaching Staff Male":{"0":6,"1":4,"2":10,"3":0,"4":9,"5":6,"6":13,"7":2,"8":4,"9":11,"10":3,"11":1,"12":14,"13":8,"14":9,"15":4,"16":10,"17":7,"18":5,"19":4},"Non Teaching Staff Female":{"0":4,"1":3,"2":2,"3":0,"4":6,"5":2,"6":6,"7":1,"8":3,"9":0,"10":2,"11":0,"12":9,"13":3,"14":2,"15":1,"16":3,"17":2,"18":3,"19":0},"Acreage":{"0":0,"1":10,"2":30,"3":6,"4":10,"5":25,"6":13,"7":3,"8":25,"9":60,"10":8,"11":0,"12":27,"13":12,"14":29,"15":30,"16":3,"17":5,"18":0,"19":0},"Province":{"0":"COAST","1":"COAST","2":"COAST","3":"COAST","4":"COAST","5":"COAST","6":"COAST","7":"COAST","8":"COAST","9":"COAST","10":"COAST","11":"COAST","12":"COAST","13":"COAST","14":"COAST","15":"COAST","16":"COAST","17":"COAST","18":"COAST","19":"COAST"},"County":{"0":"KWALE","1":"KWALE","2":"KWALE","3":"KWALE","4":"KWALE","5":"KWALE","6":"KWALE","7":"KWALE","8":"KWALE","9":"KWALE","10":"KWALE","11":"KWALE","12":"KWALE","13":"KWALE","14":"KWALE","15":"KWALE","16":"KWALE","17":"KWALE","18":"KWALE","19":"KWALE"},"District":{"0":"KWALE","1":"KWALE","2":"KWALE","3":"KWALE","4":"KWALE","5":"KWALE","6":"KWALE","7":"KWALE","8":"KWALE","9":"KWALE","10":"KWALE","11":"KWALE","12":"KWALE","13":"KWALE","14":"KWALE","15":"KWALE","16":"KWALE","17":"KWALE","18":"KWALE","19":"KWALE"},"Division":{"0":"MSAMBWENI","1":"MSAMBWENI","2":"MSAMBWENI","3":"MSAMBWENI","4":"MSAMBWENI","5":"MSAMBWENI","6":"MSAMBWENI","7":"MSAMBWENI","8":"MSAMBWENI","9":"MSAMBWENI","10":"MSAMBWENI","11":"KUBO","12":"KUBO","13":"KUBO","14":"KUBO","15":"KUBO","16":"KUBO","17":"KUBO","18":"KUBO","19":"KUBO"},"Location":{"0":"VANGA","1":"LUNGA LUNGA","2":"KIGWENDE SHIRAZI","3":"KINGWEDE\/SHIRAZ","4":"MSAMBWENI","5":"KIKONENI","6":"DZOMBO","7":"DZOMBO","8":"MWERENI","9":"MIVUMONI","10":"KINONDO","11":"MANGAWANI","12":"MAJIMBONI","13":"LUKORE","14":"MWALUVANGA","15":"MKONGANI","16":"DIANI","17":"DIANI","18":"DIANI","19":"DIANI"},"Sublocation":{"0":"JEGO","1":"SEGA","2":"SHIRAZI","3":"KIGWEDE","4":"VINGUJINI","5":"BUMBANI","6":"MRIMA\/MALAMBA","7":"MRIMA\/MALAMBA","8":"MWENA","9":"MIVUMONI","10":"KINONDO","11":"MBEGANI","12":"SHIMBA HILLS","13":"LUKORE","14":"MANYATTA","15":"TIRIBE","16":"UKUNDA","17":"UKUNDA","18":"UKUNDA","19":"GOMBATO"},"School Zone":{"0":"LUNGALUNGA","1":"LUNGALUNGA","2":"MSAMBWENI","3":"MSAMBWENI","4":"MSAMBWENI","5":"KIKONENI","6":"KIKONENI","7":"KIKONENI","8":"MWERENI","9":"MSAMBWENI","10":"MSAMBWENI","11":"MKONGANI","12":"SHIMBA HILLS","13":"SHIMBA HILLS","14":"SHIMBA HILLS","15":"MKONGANI","16":"DIANI","17":"DIANI","18":"DIANI","19":"DIANI"},"Costituency":{"0":"MSAMBWENI","1":"MSAMBWENI","2":"MSAMBWENI","3":"MSAMBWENI","4":"MSAMBWENI","5":"MSAMBWENI","6":"MSAMBWENI","7":"MSAMBWENI","8":"MSAMBWENI","9":"MSAMBWENI","10":"MSAMBWENI","11":"MATUGA","12":"MATUGA","13":"MATUGA","14":"MATUGA","15":"MATUGA","16":"MSAMBWENI","17":"MSAMBWENI","18":"MSAMBWENI","19":"MSAMBWENI"},"Location 1":{"0":"(-4.64303800000, 39.18479600000)","1":"(-4.54284500000, 39.11903600000)","2":"(-4.52158100000, 39.39792600000)","3":"(-4.48936000000, 39.45773000000)","4":"(-4.47627200000, 39.47484000000)","5":"(-4.46605300000, 39.31916500000)","6":"(-4.45508100000, 39.24241600000)","7":"(-4.43227890000, 39.26153000000)","8":"(-4.42603900000, 39.13284600000)","9":"(-4.42005400000, 39.40333600000)","10":"(-4.37345500000, 39.52734200000)","11":"(-4.36296300000, 39.24638300000)","12":"(-4.36059000000, 39.41424000000)","13":"(-4.35181000000, 39.31426000000)","14":"(-4.34796000000, 39.35849000000)","15":"(-4.33002600000, 39.23380700000)","16":"(-4.32013100000, 39.54682800000)","17":"(-4.30065600000, 39.55390300000)","18":"(-4.28560900000, 39.56622900000)","19":"(-4.27107200000, 39.56863200000)"},"KODI_County_info":{"0":"Kwale","1":"Kwale","2":"Kwale","3":"Kwale","4":"Kwale","5":"Kwale","6":"Kwale","7":"Kwale","8":"Kwale","9":"Kwale","10":"Kwale","11":"Kwale","12":"Kwale","13":"Kwale","14":"Kwale","15":"Kwale","16":"Kwale","17":"Kwale","18":"Kwale","19":"Kwale"}}